x,y
-4.29293,18.65559
-3.88889,12.19745
-2.07071,6.27475
3.38384,12.90303
-2.47475,9.27397
4.19192,20.56197
5.0,25.48838
-1.76768,1.4803
1.66667,1.95385
-2.27273,7.20971
3.08081,13.31795
1.36364,2.20185
-0.25253,2.82445
0.55556,0.52155
2.57576,10.3992
-2.57576,10.00701
-2.87879,7.15119
-3.9899,17.56023
-1.46465,2.76575
0.35354,-1.30543
